id,lang,subject,grade,question,reference_answer,answer,judge_score,judge_reason,judge_model,judge_status,human_score,human_comment
kk-hist-001,kk,history,10,Қазақ хандығы қай жылы құрылды және оның негізін кімдер қалады?,1465 жылы (кей деректерде 1465–1466 жж.); негізін қалаған Керей мен Жәнібек хандар.,"Қазақ хандығы **1465 жылы** құрылды. Оның негізін **Қабанбай хан** қалады.

*Ескерту: Кейбір тарихи деректерде Қабанбайдың алдындағы **Абылай хан** (1465-1480 жж.) немесе **Қасым хан** туралы айтылады, бірақ ресми түрде хандықтың негізін қалаушы ретінде көбінесе Қабанбай хан аталады.*",1,"The student answer is incorrect because it claims Khan Kabanbai founded the Kazakh Khanate, whereas the reference correctly identifies Kerey and Janibek as the founders.",qwen3.5-4b-q4-k-m,preliminary,,
kk-hist-002,kk,history,10,Аңырақай шайқасы қай жылы болды және онда кімдер жеңіске жетті?,1730 жылы; Әбілқайыр бастаған қазақ жасақтары жоңғарларды жеңді.,"Аңырақай шайқасы **1916 жылы** 20 тамызда болды. Онда **қазақ әскері мен орыс-қазақ коалициясы** (А.И. Дулатов, А.Б. Байтұрсынұлы, А.Б. Қастеев және т.б.) жеңіске жетті. Бұл шайқас қазақ халқының ұлттық-азаттық көтерілісін басып шығарды.",0,"The student answer is incorrect because it states the year 1916 and describes the Battle of Arys, whereas the reference correctly identifies the year 1730 and the Battle of Angyrak.",qwen3.5-4b-q4-k-m,preliminary,,
kk-hist-003,kk,history,9,Алашорда үкіметі қашан және қай съезде құрылды?,1917 жылы желтоқсанда Орынборда өткен II жалпықазақ съезінде; төрағасы — Әлихан Бөкейханов.,"Алашорда үкіметі **1917 жылдың 1 желтоқсында** құрылды.

Ол **Алаш Орда съезінің** (Алаш ұйысының) 1-съезі кезінде қабылданған «Алашорда үкіметі туралы» заңға негізделіп, Алаш Орда басқармасының басшысы **Ахмет Байтұрсынұлы** бастаған. Бұл съез 1917 жылдың 1 желтоқсынан 10 желтоқсына дейін Астанада (бұрынғы Қазан қаласы) өтті.",1,"The student answer is incorrect because it claims the government was formed at the 1st Congress in Astana, whereas the reference correctly identifies it as the 2nd Congress in Orenburg.",qwen3.5-4b-q4-k-m,preliminary,,
kk-hist-004,kk,history,9,«Қазақстан Республикасының мемлекеттік тәуелсіздігі туралы» Конституциялық заң қашан қабылданды?,1991 жылғы 16 желтоқсанда.,Қазақстан Республикасының Мемлекеттік тәуелсіздігі туралы Конституциялық заң **1991 жылы 25 желтоқсанда** қабылданды.,0,The student provided an incorrect date (December 25) that contradicts the reference answer (December 16).,qwen3.5-4b-q4-k-m,preliminary,,
kk-biol-005,kk,biology,9,Фотосинтез өсімдік жасушасының қай органоидында жүреді?,Хлоропластта.,Фотосинтез өсімдік жасушасындағы **хлоропласт** органоидында жүреді.,2,The student answer correctly identifies chloroplasts as the site of photosynthesis without contradicting the reference.,qwen3.5-4b-q4-k-m,preliminary,,
kk-biol-006,kk,biology,10,Адамның соматикалық жасушасында неше хромосома бар?,46 хромосома (23 жұп).,Адам соматикалық жасушасында **46** хромосома бар (24 жұбы).,1,The student incorrectly stated there are 24 pairs of chromosomes instead of the correct 23 pairs.,qwen3.5-4b-q4-k-m,preliminary,,
kk-biol-007,kk,biology,10,ДНҚ құрамына кіретін төрт азоттық негізді атаңыз.,"Аденин, гуанин, цитозин, тимин.","ДНҚ құрамына кіретін төрт азоттық негіз: **аденин (А), гуанин (Г), цитозин (Ц) және тимин (Т)**.",2,The student answer correctly lists all four nitrogenous bases found in DNA without any contradictions.,qwen3.5-4b-q4-k-m,preliminary,,
kk-biol-008,kk,biology,9,Митохондрияның негізгі қызметі қандай?,Жасушалық тыныс алу арқылы АТФ синтездеу (энергиямен қамтамасыз ету).,Митохондриялар жасушадағы **энергия өндіру орталығы** болып табылады. Олар аэробты тыныс алу процесі барысында қанттың энергияға (АТФ) айналдыруына жауапты.,2,"The student answer correctly identifies mitochondria as the energy production center and explains their role in aerobic respiration to produce ATP, fully aligning with the reference.",qwen3.5-4b-q4-k-m,preliminary,,
kk-phys-009,kk,physics,9,Ньютонның екінші заңын формуламен жазыңыз.,F = ma — денеге әсер ететін күш масса мен үдеудің көбейтіндісіне тең.,$F = ma$,1,"The student provided only the formula without the explanatory text defining the relationship between force, mass, and acceleration, which is a key part of the reference answer.",qwen3.5-4b-q4-k-m,preliminary,,
kk-phys-010,kk,physics,11,Жарықтың вакуумдағы жылдамдығы қандай?,Шамамен 3·10⁸ м/с (дәлірек 299 792 458 м/с).,Жарықтың вакуумдағы жылдамдығы шамамен **300 000 км/с** (нақтырағы: 299 792 458 м/с).,2,"The student answer is correct because it provides the approximate speed in km/s (equivalent to 3·10⁸ m/s) and the exact speed in m/s, matching the reference facts.",qwen3.5-4b-q4-k-m,preliminary,,
kk-phys-011,kk,physics,10,Тізбек бөлігі үшін Ом заңын жазыңыз.,"I = U/R — ток күші кернеуге тура, кедергіге кері пропорционал.","Тізбекті қосымшаға қосылған кездегі жалпы кедергі ($R_{жалпы}$) мына формуламен анықталады:

$$R_{жалпы} = R_1 + R_2 + \dots + R_n$$

Мұндағы $R_1, R_2, \dots, R_n$ — тізбектегі әрбір кедергілердің мәндері.",0,The student provided the formula for total resistance in a series circuit instead of Ohm's Law for a circuit segment.,qwen3.5-4b-q4-k-m,preliminary,,
kk-phys-012,kk,physics,9,Жер бетіндегі еркін түсу үдеуі шамамен неге тең?,"Шамамен 9,8 м/с².","Жер бетіндегі еркін түсу үдеуі шамамен **9,8 м/с²** (немесе 10 м/с²) тең.",2,The student answer is correct because it includes the reference value of 9.8 m/s² and adds an acceptable approximation of 10 m/s² without contradicting the reference.,qwen3.5-4b-q4-k-m,preliminary,,
ru-hist-013,ru,history,11,Когда была принята действующая Конституция Республики Казахстан?,30 августа 1995 года на республиканском референдуме.,Действующая Конституция Республики Казахстан принята **30 августа 1995 года**.,2,The student answer correctly identifies the date of adoption and matches the reference without any contradictions.,qwen3.5-4b-q4-k-m,preliminary,,
ru-hist-014,ru,history,11,В каком году столица Казахстана была перенесена из Алматы в Акмолу?,В 1997 году (10 декабря 1997 г.).,Столица Казахстана была перенесена из Алматы в Акмолу в **1997 году**.,2,"The student correctly identified the year 1997, which matches the reference answer.",qwen3.5-4b-q4-k-m,preliminary,,
ru-hist-015,ru,history,9,Что произошло в Алма-Ате в декабре 1986 года?,Желтоксан — выступления казахской молодёжи 16–17 декабря 1986 г. против назначения Г. Колбина первым секретарём ЦК Компартии Казахстана вместо Д. Кунаева.,"В декабре 1986 года в Алма-Ате не происходило крупных исторических событий или трагедий, связанных с этим городом.

В этот период (декабрь 1986 года) в СССР и Казахстане (тогда Казахской ССР) не было массовых беспорядков, терактов или политических кризисов, которые могли бы быть связаны с Алма-Атой.

Возможно, вы перепутали дату или событие:
*   **1986 год:** В этом году в СССР действительно были массовые беспорядки в **Алма-Ате в декабре 1986 года**? Нет, таких событий не было.
*   **1986 год:** В этом году в СССР действительно были массовые беспорядки в **Алма-Ате в декабре 1986 года**? Нет, таких событий не было.
*   **1986 год:** В этом году в СССР действительно были массовые беспорядки в **Алма-Ате в декабре 1986 года**? Нет, таких событий не было.

Воз",0,"The student answer incorrectly states that no major historical events occurred in Alma-Ata in December 1986, directly contradicting the reference which identifies the Zheltoksan protests.",qwen3.5-4b-q4-k-m,preliminary,,
ru-biol-016,ru,biology,10,В результате какого деления клетки образуются гаметы у животных?,Мейоза.,"Гаметы у животных образуются в результате **мейоза**.

Это тип клеточного деления, при котором одна диплоидная клетка образует четыре гаплоидные клетки (или две, в зависимости от вида), каждая из которых содержит в два раза меньше хромосом, чем исходная. Именно гаплоидные клетки становятся половыми клетками (гаметами).",2,The student correctly identified meiosis as the process of gamete formation and provided accurate additional details without contradicting the reference.,qwen3.5-4b-q4-k-m,preliminary,,
ru-biol-017,ru,biology,10,Какое соотношение по фенотипу получается во втором поколении при моногибридном скрещивании (полное доминирование)?,3:1.,"Соотношение фенотипов во втором поколении (F2) при моногибридном скрещивании с полным доминированием составляет **3:1**.

Это означает, что на 3 особи с доминантным признаком приходится 1 особь с рецессивным.",2,"The student answer correctly identifies the 3:1 phenotypic ratio in F2 for monohybrid crosses with complete dominance, matching the reference exactly.",qwen3.5-4b-q4-k-m,preliminary,,
ru-biol-018,ru,biology,9,Какие органоиды клетки осуществляют синтез белка?,Рибосомы.,"Синтез белка осуществляют **рибосомы**.

Они могут находиться как в цитоплазме клетки, так и на поверхности шероховатого эндоплазматического ретикулума.",2,The student correctly identified ribosomes as the site of protein synthesis and provided accurate additional context without contradicting the reference.,qwen3.5-4b-q4-k-m,preliminary,,
ru-phys-019,ru,physics,9,Какова единица измерения силы в СИ?,Ньютон (Н); 1 Н = 1 кг·м/с².,Единица измерения силы в системе СИ — **ньютон** (обозначается как **Н**).,1,"The student correctly identified the unit as the Newton (N) without contradicting the reference, though it omitted the equivalent formula.",qwen3.5-4b-q4-k-m,preliminary,,
ru-phys-020,ru,physics,9,Запишите формулу кинетической энергии тела.,Eк = mv²/2.,"$E_k = \frac{mv^2}{2}$

где:
*   $m$ — масса тела,
*   $v$ — скорость тела.",2,"The student provided the correct formula and definitions for mass and velocity, fully matching the reference.",qwen3.5-4b-q4-k-m,preliminary,,
ru-phys-021,ru,physics,11,Что такое период полураспада?,"Время, за которое распадается половина исходного количества радиоактивных ядер.","**Период полураспада** — это время, за которое распадается ровно половина атомных ядер радиоактивного вещества.

**Пример:** Если у вас есть 100 ядер, то через один период полураспада останется 50, через два — 25 и так далее. Для разных веществ это время разное (от долей секунды до миллиардов лет).",2,"The student answer correctly defines the half-life as the time required for half of the radioactive nuclei to decay, matching the reference without any contradictions.",qwen3.5-4b-q4-k-m,preliminary,,
en-hist-022,en,history,11,On what date did Kazakhstan declare its independence?,16 December 1991.,"Kazakhstan declared its independence on **December 16, 1991**.",2,"The student answer correctly states the date of Kazakhstan's independence, matching the reference exactly.",qwen3.5-4b-q4-k-m,preliminary,,
en-hist-023,en,history,9,"From which cosmodrome was Yuri Gagarin launched on the first human spaceflight, and when?",From Baikonur (in the Kazakh SSR) on 12 April 1961.,"Yuri Gagarin was launched from the **Baikonur Cosmodrome** (specifically Site 1/1/5) on **April 12, 1961**.",2,"The student answer correctly identifies the Baikonur Cosmodrome and the date April 12, 1961, matching all key facts in the reference.",qwen3.5-4b-q4-k-m,preliminary,,
en-hist-024,en,history,11,When was the Semipalatinsk nuclear test site officially closed?,"29 August 1991, by decree of the President of the Kazakh SSR.","The Semipalatinsk nuclear test site was officially closed in **1991**, following the dissolution of the Soviet Union and the subsequent end of nuclear testing in the region.",1,The student answer is partially correct because it provides the correct year (1991) but omits the specific date (29 August) and the specific authority (decree of the President of the Kazakh SSR) mentioned in the reference.,qwen3.5-4b-q4-k-m,preliminary,,
en-biol-025,en,biology,10,Which molecule carries amino acids to the ribosome during protein synthesis?,Transfer RNA (tRNA).,Transfer RNA (tRNA).,2,The student's answer is identical to the reference and is factually correct.,qwen3.5-4b-q4-k-m,preliminary,,
en-biol-026,en,biology,9,What is the main function of hemoglobin in red blood cells?,Transporting oxygen (from the lungs to the tissues).,"The main function of hemoglobin in red blood cells is to **transport oxygen** from the lungs to the body's tissues. It binds to oxygen in the lungs and releases it where it is needed for cellular respiration. Additionally, hemoglobin helps transport a small amount of carbon dioxide back to the lungs for exhalation.",2,The student answer correctly identifies the primary function of hemoglobin as oxygen transport and adds accurate supplementary details about carbon dioxide transport without contradicting the reference.,qwen3.5-4b-q4-k-m,preliminary,,
en-biol-027,en,biology,9,Which blood vessels carry blood away from the heart?,Arteries.,"**Arteries** carry blood away from the heart.

*Note: While most arteries carry oxygen-rich blood, the pulmonary arteries are the exception, as they carry oxygen-poor blood from the heart to the lungs.*",2,The student correctly identified arteries as the vessels carrying blood away from the heart and provided accurate additional context without contradicting the reference.,qwen3.5-4b-q4-k-m,preliminary,,
en-phys-028,en,physics,10,What is the SI unit of electrical resistance?,The ohm (Ω).,"The SI unit of electrical resistance is the **ohm**, symbolized by the Greek letter omega (**Ω**).",2,"The student answer correctly identifies the ohm as the SI unit of electrical resistance and provides the correct symbol, matching the reference facts.",qwen3.5-4b-q4-k-m,preliminary,,
en-phys-029,en,physics,9,State the law of conservation of energy.,"Energy cannot be created or destroyed, only transformed from one form to another; the total energy of an isolated system stays constant.","The law of conservation of energy states that **energy cannot be created or destroyed**, only transformed from one form to another or transferred from one object to another. In an isolated system, the total amount of energy remains constant.",2,"The student answer correctly states that energy cannot be created or destroyed, is only transformed or transferred, and remains constant in an isolated system, fully matching the reference.",qwen3.5-4b-q4-k-m,preliminary,,
en-phys-030,en,physics,9,What is the SI unit of power?,The watt (W); 1 W = 1 J/s.,"The SI unit of power is the **watt** (symbol: **W**).

One watt is defined as one joule per second ($1 \text{ W} = 1 \text{ J/s}$).",2,"The student answer correctly identifies the SI unit of power as the watt, provides the correct symbol, and includes the accurate definition of one watt as one joule per second, fully matching the reference.",qwen3.5-4b-q4-k-m,preliminary,,
